Claude_Informativeness,Claude_Clarity,Claude_Effectiveness,Median_Informativeness,Median_Clarity,Median_Effectiveness
6,7,6,6,6,6
6,6,6,7,7,7
6,7,6,6.5,6.5,6.5
6,7,6,6.5,5.5,6
6,6,6,7,6,6
6,6,5,5,6,5
6,7,6,6,6,6
6,5,6,6,6,5
6,6,6,5.5,5,5.5
7,7,7,7,6,6
6,6,5,5.5,5.5,5
6,6,5,6,6,6
6,7,6,5,5,5
6,7,6,6,5,4
4,5,4,5,6,6
6,7,6,7,7,7
6,6,6,6,5.5,5
6,7,6,6,6,6
6,7,6,6,6,6.5
5,6,5,6,7,6
5,6,5,4.5,6,5
5,6,5,7,6,6
6,7,6,6,7,6
6,7,6,5,6,5
6,6,6,7,6.5,6.5
5,6,4,6,4.5,5
6,6,6,6.5,7,6
6,7,6,5,5.5,5
6,6,6,6,7,6
5,6,5,6,6,5
5,6,4,6,6,6
6,7,6,6,6,6
5,6,4,7,6,5
5,6,5,6.5,6.5,6
5,6,5,6,6,6
6,6,6,7,7,7
6,7,6,6.5,5,6.5
5,6,5,5.5,6,6
6,6,6,5,3.5,6
4,6,4,6,4,5
6,6,5,6,6,5
6,7,6,6,7,6
6,7,5,6,6,5.5
6,7,6,5.5,5,5
6,5,6,5,6.5,6
6,5,4,5.5,6,6
6,6,5,6,5,4
6,7,6,7,7,7
6,7,6,7,7,7
5,6,5,7,6,6
4,5,4,5,4,4
5,6,5,5.5,6,5
6,6,5,5.5,6.5,5
7,7,7,6,6,6
6,6,5,5,5,5
6,6,5,4,4,5
5,6,5,5,5,5
6,7,6,5.5,7,5.5
5,6,5,6,5,5
6,5,5,5,5.5,5
5,5,4,5.5,5,5
5,5,4,5,5,5
6,7,6,4.5,4,4
6,7,6,5,5,5
6,6,6,6,6,6
6,7,6,6,5,5
4,5,4,5,3,4
6,4,5,7,6.5,6.5
5,4,4,6,5,5
5,6,5,7,7,7
6,7,6,7,5,5
6,7,6,7,7,7
6,5,5,6.5,6,6
6,7,6,6,7,7
6,6,5,5,4.5,4
6,6,6,6,6,6
6,7,6,7,6,6.5
6,7,6,5,5,5
6,7,6,7,6,6
6,7,6,6.5,6,6
5,4,4,5,4.5,3.5
6,6,5,6,6,6.5
5,6,5,4,5,5
6,6,5,6,5,5
5,6,5,6,4,4.5
6,7,6,6,7,6
6,6,6,6,7,6
6,7,6,6,6,6
4,6,4,7,7,7
5,6,4,6,6,6
4,6,5,5,4,4
5,5,4,7,6,5
6,7,6,6,6,6
4,6,5,6,7,5
6,7,6,5,5,5
6,6,6,5.5,5.5,6
6,7,6,5.5,5,5
6,7,6,7,6.5,6
6,7,6,6,6,5
6,7,6,6,5,5.5
6,6,5,6.5,6,6
